k,method,I-AUROC,I-F1-max,P-AUROC,P-F1-max,source
1,PatchCore,54.7,77.4,75.5,12.5,paper Table 1
1,PromptAD,61.9,77.5,64.3,14.4,paper Table 1
1,ObjectCore (paper),72.5±0.2,79.8±1.0,76.3±0.3,28.8±1.7,paper Table 1
1,ObjectCore (ours - Phase B),60.83±1.38,see report,see report,see report,run 2026-10-01_2301_all
2,PatchCore,58.3,77.5,80.8,14.6,paper Table 1
2,PromptAD,63.8,78.0,65.9,15.2,paper Table 1
2,ObjectCore (paper),74.6±0.6,80.5±0.6,81.4±0.5,29.3±0.8,paper Table 1
2,ObjectCore (ours - Phase B),66.25±2.11,see report,see report,see report,run 2026-10-01_2301_all
4,PatchCore,63.5,77.7,82.8,15.3,paper Table 1
4,PromptAD,70.9,78.3,72.8,15.8,paper Table 1
4,ObjectCore (paper),80.8±1.3,82.8±0.4,84.4±0.6,31.9±1.2,paper Table 1
4,ObjectCore (ours - Phase B),63.48±3.37,see report,see report,see report,run 2026-10-01_2301_all
